Div,Date,HomeTeam,AwayTeam,FTHG,FTAG,FTR,HTHG,HTAG,HTR,HS,AS,HST,AST,HF,AF,HC,AC,HY,AY,HR,AR,B365H,B365D,B365A,BWH,BWD,BWA,GBH,GBD,GBA,IWH,IWD,IWA,LBH,LBD,LBA,PSH,PSD,PSA,WHH,WHD,WHA,SJH,SJD,SJA,VCH,VCD,VCA,BSH,BSD,BSA,Bb1X2,BbMxH,BbAvH,BbMxD,BbAvD,BbMxA,BbAvA,BbOU,BbMx>2.5,BbAv>2.5,BbMx<2.5,BbAv<2.5,BbAH,BbAHh,BbMxAHH,BbAvAHH,BbMxAHA,BbAvAHA,PSCH,PSCD,PSCA
D1,24/08/12,Dortmund,Werder Bremen,2,1,H,1,0,H,19,10,6,3,18,14,7,2,2,2,0,0,1.3,5.5,9.0,1.33,5.25,9.25,1.33,5.25,9.25,1.37,4.3,7.2,1.33,5.0,9.0,1.32,5.88,10.8,1.3,5.5,9.0,1.29,5.25,10.0,1.3,5.75,11.5,1.29,5.5,9.0,37,1.35,1.3,5.91,5.45,11.0,9.71,25,1.6,1.52,2.65,2.45,22,-1.5,1.91,1.85,2.1,2.03,1.29,6.37,11.2
D1,25/08/12,Augsburg,Fortuna Dusseldorf,0,2,A,0,0,D,16,9,4,4,16,14,3,0,3,2,0,0,2.0,3.5,3.6,2.1,3.3,3.4,2.1,3.3,3.4,2.2,3.2,3.0,2.0,3.3,3.75,2.08,3.52,3.92,2.1,3.4,3.4,2.05,3.3,3.5,2.05,3.5,3.9,2.0,3.4,3.6,37,2.2,2.05,3.52,3.37,3.92,3.58,33,2.09,2.01,1.87,1.79,20,-0.25,1.84,1.76,2.19,2.13,2.08,3.45,4.01
D1,25/08/12,Ein Frankfurt,Leverkusen,2,1,H,0,1,A,20,19,4,10,15,22,6,7,1,2,0,0,2.8,3.4,2.4,3.0,3.6,2.3,3.0,3.6,2.3,2.65,3.3,2.4,2.88,3.3,2.4,3.05,3.54,2.44,2.8,3.4,2.45,2.88,3.3,2.38,3.0,3.5,2.45,2.8,3.4,2.4,37,3.02,2.87,3.53,3.35,2.46,2.4,33,1.97,1.88,2.01,1.92,21,0.25,1.83,1.77,2.16,2.12,2.99,3.54,2.48
D1,25/08/12,Freiburg,Mainz,1,1,D,0,0,D,8,8,4,3,14,13,9,8,0,2,0,0,2.5,3.3,2.75,2.5,3.2,2.8,2.5,3.2,2.8,2.4,3.3,2.65,2.5,3.3,2.75,2.62,3.41,2.9,2.6,3.2,2.75,2.5,3.25,2.8,2.6,3.4,2.88,2.5,3.3,2.75,37,2.62,2.53,3.41,3.26,2.91,2.77,31,2.13,2.04,1.83,1.76,22,0.0,1.88,1.84,2.07,2.0,2.78,3.45,2.71
D1,25/08/12,Greuther Furth,Bayern Munich,0,3,A,0,1,A,6,19,2,9,21,13,2,4,2,2,0,0,8.5,4.75,1.36,9.25,4.6,1.34,9.25,4.6,1.34,6.5,3.9,1.45,8.0,4.5,1.4,8.69,5.09,1.41,7.5,4.75,1.4,8.0,4.5,1.4,8.5,5.0,1.4,8.0,4.75,1.36,37,9.28,8.13,5.1,4.63,1.42,1.38,25,1.7,1.61,2.38,2.24,21,1.25,2.03,1.98,1.94,1.89,8.65,4.76,1.44
D1,25/08/12,Hamburg,Nurnberg,0,1,A,0,0,D,11,18,5,8,16,20,9,6,4,2,0,0,2.05,3.4,3.5,2.1,3.3,3.4,2.1,3.3,3.4,2.0,3.3,3.3,2.05,3.4,3.5,2.18,3.34,3.82,2.05,3.4,3.6,2.05,3.3,3.5,2.15,3.3,3.75,2.15,3.3,3.3,37,2.18,2.1,3.5,3.31,3.85,3.51,33,2.01,1.93,1.94,1.86,20,-0.5,2.18,2.12,1.8,1.77,2.4,3.39,3.26
D1,25/08/12,M'gladbach,Hoffenheim,2,1,H,1,0,H,7,14,3,8,9,6,6,4,2,0,0,0,1.91,3.4,4.0,2.0,3.3,4.0,2.0,3.3,4.0,1.9,3.3,3.7,1.91,3.4,4.0,2.03,3.61,3.98,1.91,3.5,4.0,1.91,3.4,4.0,2.0,3.6,4.0,1.95,3.4,3.8,37,2.06,1.96,3.58,3.38,4.1,3.89,32,2.06,1.97,1.91,1.83,20,-0.5,2.05,2.0,1.94,1.87,1.98,3.58,4.24
D1,25/08/12,Stuttgart,Wolfsburg,0,1,A,0,0,D,10,13,5,3,16,23,7,6,1,0,0,0,2.0,3.5,3.6,2.05,3.6,3.5,2.05,3.6,3.5,1.9,3.3,3.7,2.0,3.3,3.75,2.01,3.65,4.0,2.05,3.6,3.4,2.0,3.4,3.6,2.0,3.6,3.9,2.0,3.4,3.6,32,2.05,1.98,3.65,3.44,4.0,3.72,27,1.7,1.65,2.42,2.21,15,-0.5,2.03,1.98,1.94,1.9,1.98,3.79,3.98
D1,26/08/12,Hannover,Schalke 04,2,2,D,1,0,H,9,15,2,7,12,16,3,6,1,3,0,0,2.88,3.4,2.38,2.8,3.4,2.4,2.8,3.4,2.4,2.55,3.25,2.5,2.8,3.4,2.4,2.96,3.52,2.51,2.8,3.5,2.4,2.88,3.25,2.5,2.9,3.5,2.5,2.88,3.3,2.4,31,3.0,2.84,3.52,3.35,2.55,2.42,30,1.92,1.84,2.04,1.95,19,0.0,2.14,2.08,1.82,1.77,3.7,3.66,2.09
D1,31/08/12,Mainz,Greuther Furth,0,1,A,0,0,D,11,7,3,2,17,23,8,0,1,3,0,0,1.8,3.5,4.5,1.87,3.5,4.33,1.87,3.5,4.33,1.8,3.4,4.0,1.83,3.5,4.33,1.86,3.7,4.7,1.83,3.5,4.33,1.83,3.4,4.33,1.85,3.7,4.6,1.8,3.5,4.33,39,1.88,1.83,3.8,3.5,4.7,4.43,34,2.09,1.98,1.94,1.83,21,-0.5,1.86,1.84,2.09,2.05,1.85,3.67,4.8
D1,01/09/12,Fortuna Dusseldorf,M'gladbach,0,0,D,0,0,D,5,13,0,4,15,23,5,4,3,2,0,0,2.9,3.3,2.4,3.0,3.3,2.3,3.0,3.3,2.3,2.9,3.1,2.3,3.0,3.4,2.3,3.2,3.41,2.41,3.0,3.3,2.35,3.0,3.25,2.38,3.2,3.4,2.4,2.88,3.3,2.4,39,3.2,2.98,3.45,3.31,2.42,2.35,30,2.11,2.0,1.9,1.8,23,0.25,1.88,1.83,2.1,2.05,3.38,3.29,2.38
D1,01/09/12,Hoffenheim,Ein Frankfurt,0,4,A,0,2,A,7,17,3,5,16,17,2,5,1,2,2,0,2.05,3.4,3.5,2.05,3.3,3.8,2.05,3.3,3.8,1.95,3.3,3.6,2.0,3.4,3.75,2.08,3.6,3.82,2.05,3.4,3.5,2.1,3.3,3.5,2.05,3.6,3.8,2.05,3.4,3.5,39,2.1,2.04,3.6,3.39,3.85,3.61,34,2.0,1.93,1.95,1.88,21,-0.25,1.8,1.75,2.19,2.14,2.42,3.37,3.22
D1,01/09/12,Leverkusen,Freiburg,2,0,H,1,0,H,14,8,10,1,19,24,5,4,1,1,0,0,1.57,4.0,5.5,1.62,3.9,5.0,1.62,3.9,5.0,1.55,3.7,5.4,1.57,3.75,6.0,1.63,4.2,5.85,1.57,3.75,6.0,1.62,3.75,5.25,1.62,4.2,5.75,1.62,3.75,5.5,39,1.64,1.6,4.35,3.89,6.0,5.58,26,1.69,1.62,2.44,2.25,23,-1.0,2.09,2.02,1.92,1.86,1.6,4.3,6.2
D1,01/09/12,Nurnberg,Dortmund,1,1,D,1,1,D,6,18,3,6,12,17,4,11,2,2,0,0,6.0,4.0,1.55,6.0,4.0,1.53,6.0,4.0,1.53,5.4,3.7,1.55,6.0,4.0,1.53,6.17,4.25,1.61,6.2,4.0,1.53,6.25,3.8,1.53,6.25,4.2,1.57,6.0,4.0,1.53,39,6.5,6.11,4.4,3.92,1.61,1.55,34,1.83,1.76,2.16,2.07,23,1.0,1.99,1.9,2.01,1.97,5.15,3.92,1.75
D1,01/09/12,Schalke 04,Augsburg,3,1,H,1,0,H,12,22,6,4,11,14,6,5,1,2,0,0,1.36,4.75,8.5,1.36,4.75,8.0,1.36,4.75,8.0,1.35,4.5,7.3,1.36,4.75,8.5,1.4,5.1,9.05,1.36,4.5,8.0,1.36,4.5,8.0,1.4,5.0,9.0,1.36,4.75,8.0,39,1.4,1.37,5.3,4.67,9.7,8.52,24,1.67,1.58,2.4,2.3,22,-1.25,1.88,1.83,2.09,2.04,1.37,5.19,9.94
D1,01/09/12,Werder Bremen,Hamburg,2,0,H,0,0,D,16,11,9,4,7,20,7,5,0,1,0,0,1.73,3.75,4.5,1.78,3.75,4.5,1.78,3.75,4.5,1.75,3.4,4.3,1.8,3.6,4.33,1.76,3.97,4.97,1.73,3.75,4.33,1.73,3.6,4.5,1.75,3.9,5.0,1.73,3.75,4.5,39,1.8,1.75,3.97,3.67,5.0,4.58,32,1.76,1.7,2.24,2.13,21,-0.75,2.02,1.97,1.95,1.9,1.88,3.83,4.38
D1,02/09/12,Bayern Munich,Stuttgart,6,1,H,3,1,H,16,7,13,4,13,8,5,3,1,1,0,1,1.25,6.0,11.0,1.28,5.5,9.25,1.28,5.5,9.25,1.3,4.8,8.5,1.29,5.5,9.5,1.29,6.31,11.87,1.25,5.8,11.0,1.27,5.5,11.0,1.29,6.25,12.0,1.25,5.5,11.0,34,1.3,1.26,6.6,5.59,14.0,10.89,22,1.48,1.42,2.9,2.73,20,-1.75,1.99,1.94,1.98,1.93,1.28,6.41,12.39
D1,02/09/12,Wolfsburg,Hannover,0,4,A,0,2,A,5,16,1,7,24,20,0,3,2,1,1,0,1.95,3.5,3.75,2.0,3.7,3.6,2.0,3.7,3.6,2.1,3.3,3.1,2.0,3.4,3.75,2.0,3.76,3.92,1.95,3.5,3.8,2.0,3.4,3.6,2.0,3.75,3.9,1.95,3.5,3.75,34,2.1,1.96,3.8,3.51,4.05,3.73,31,1.74,1.7,2.26,2.14,20,-0.5,2.0,1.96,1.95,1.92,1.94,3.77,4.16
D1,14/09/12,Augsburg,Wolfsburg,0,0,D,0,0,D,7,11,2,4,14,25,5,3,1,2,0,0,2.7,3.4,2.5,2.65,3.6,2.55,2.65,3.6,2.55,2.7,3.2,2.4,2.7,3.4,2.5,2.82,3.53,2.61,2.7,3.3,2.6,2.63,3.25,2.6,2.88,3.4,2.6,2.75,3.3,2.5,39,2.75,2.61,3.64,3.37,2.88,2.67,34,1.85,1.8,2.16,2.01,24,0.0,1.95,1.89,2.05,1.97,2.44,3.73,2.92
D1,15/09/12,Bayern Munich,Mainz,3,1,H,2,0,H,21,7,9,1,12,18,10,2,1,2,0,0,1.17,7.0,15.0,1.17,7.0,14.0,1.17,7.0,14.0,1.17,6.0,14.0,1.17,7.0,15.0,1.2,7.64,18.02,1.18,6.5,15.0,1.18,6.5,15.0,1.18,7.5,17.0,1.17,7.0,15.0,39,1.22,1.18,8.4,6.89,20.0,15.69,23,1.49,1.43,2.8,2.7,24,-2.0,2.0,1.96,1.99,1.92,1.27,6.19,14.54
D1,15/09/12,Dortmund,Leverkusen,3,0,H,2,0,H,14,6,7,2,10,14,9,2,1,2,0,0,1.44,4.33,7.0,1.48,4.1,6.75,1.48,4.1,6.75,1.5,3.8,5.7,1.5,4.0,7.0,1.5,4.59,7.5,1.5,4.4,6.0,1.44,4.0,7.0,1.5,4.5,7.5,1.44,4.33,7.0,39,1.53,1.47,4.7,4.18,8.0,7.1,33,1.79,1.71,2.25,2.13,25,-1.0,1.77,1.73,2.23,2.17,1.53,4.55,6.81
D1,15/09/12,Greuther Furth,Schalke 04,0,2,A,0,0,D,9,10,0,4,18,14,5,4,2,0,0,0,3.75,3.5,1.95,4.1,3.6,1.83,4.1,3.6,1.83,4.0,3.4,1.8,4.33,3.6,1.8,4.09,3.6,2.01,3.75,3.6,1.95,3.75,3.4,1.95,4.0,3.6,2.0,4.0,3.5,1.85,39,4.5,3.92,3.65,3.45,2.01,1.94,34,1.79,1.71,2.25,2.13,21,0.5,1.95,1.91,2.01,1.97,3.99,3.69,2.0
D1,15/09/12,Hannover,Werder Bremen,3,2,H,2,1,H,13,11,5,4,19,19,7,4,3,3,1,0,2.3,3.4,3.0,2.35,3.5,2.95,2.35,3.5,2.95,2.3,3.2,2.8,2.3,3.4,3.0,2.35,3.64,3.12,2.3,3.5,2.9,2.3,3.3,3.0,2.38,3.6,3.1,2.3,3.3,3.0,39,2.45,2.3,3.65,3.39,3.2,3.01,33,1.76,1.68,2.25,2.16,23,-0.25,2.03,1.99,1.92,1.88,2.25,3.64,3.31
D1,15/09/12,M'gladbach,Nurnberg,2,3,A,1,2,A,14,11,6,3,12,17,5,6,2,2,0,0,2.0,3.4,3.75,1.87,3.5,4.0,1.87,3.5,4.0,1.85,3.4,3.8,2.0,3.5,3.6,1.99,3.53,4.27,2.0,3.4,3.8,1.95,3.3,3.8,2.0,3.5,4.2,1.95,3.4,3.75,38,2.01,1.96,3.55,3.36,4.31,3.94,35,2.2,2.06,1.83,1.76,21,-0.25,1.72,1.69,2.31,2.24,1.93,3.54,4.58
D1,15/09/12,Stuttgart,Fortuna Dusseldorf,0,0,D,0,0,D,10,6,3,2,19,13,7,4,1,0,0,0,1.62,3.8,5.5,1.65,3.8,5.0,1.65,3.8,5.0,1.55,3.7,5.4,1.67,3.75,5.0,1.68,4.06,5.6,1.7,3.8,4.8,1.62,3.75,5.25,1.67,4.0,5.5,1.67,3.75,5.0,39,1.7,1.65,4.05,3.76,5.8,5.3,33,1.77,1.67,2.3,2.18,23,-0.75,1.88,1.84,2.08,2.03,1.71,3.91,5.53
D1,16/09/12,Ein Frankfurt,Hamburg,3,2,H,2,1,H,17,14,6,7,15,19,7,6,0,1,0,1,2.0,3.4,3.75,2.0,3.7,3.6,2.0,3.7,3.6,2.2,3.2,3.0,2.0,3.4,3.75,2.07,3.61,3.84,2.05,3.4,3.6,2.0,3.4,3.75,2.05,3.6,3.8,2.0,3.5,3.5,39,2.2,2.03,3.7,3.42,4.0,3.65,34,1.98,1.89,2.0,1.91,21,-0.5,2.07,2.02,1.89,1.86,1.72,4.33,4.65
D1,16/09/12,Freiburg,Hoffenheim,5,3,H,2,1,H,23,9,9,5,11,18,11,2,2,5,0,0,2.4,3.4,2.8,2.3,3.4,3.1,2.3,3.4,3.1,2.25,3.2,2.9,2.3,3.4,3.0,2.45,3.5,3.06,2.4,3.5,2.8,2.38,3.3,2.88,2.45,3.4,3.0,2.3,3.3,3.0,39,2.5,2.39,3.5,3.32,3.1,2.92,34,1.98,1.91,1.97,1.89,22,-0.25,2.11,2.06,1.86,1.82,2.22,3.59,3.43
D1,21/09/12,Nurnberg,Ein Frankfurt,1,2,A,0,1,A,14,12,5,5,9,17,8,5,1,3,0,0,2.1,3.4,3.4,2.25,3.7,3.1,2.25,3.7,3.1,2.2,3.2,3.0,2.0,3.2,3.2,2.2,3.52,3.55,2.15,3.5,3.25,2.2,3.4,3.13,2.15,3.5,3.5,2.15,3.4,3.2,38,2.25,2.17,3.5,3.37,3.5,3.29,34,1.83,1.77,2.16,2.05,22,-0.25,1.94,1.89,2.05,1.99,2.18,3.6,3.51
D1,22/09/12,Fortuna Dusseldorf,Freiburg,0,0,D,0,0,D,11,11,2,3,13,17,3,6,2,2,0,0,2.15,3.4,3.3,2.07,3.4,3.45,2.07,3.4,3.45,2.1,3.2,3.2,2.1,3.3,2.88,2.22,3.41,3.49,2.3,3.1,3.2,2.2,3.3,3.2,2.25,3.4,3.4,2.15,3.4,3.2,38,2.3,2.19,3.46,3.32,3.5,3.28,34,2.16,2.06,1.81,1.76,22,-0.25,1.96,1.92,1.98,1.95,2.44,3.45,3.12
D1,22/09/12,Hamburg,Dortmund,3,2,H,1,0,H,7,28,3,12,20,11,2,10,3,1,0,0,5.25,4.2,1.57,5.5,3.8,1.6,5.5,3.8,1.6,4.6,3.5,1.65,4.33,3.4,1.67,6.1,4.26,1.61,6.0,3.6,1.62,5.25,3.8,1.62,6.0,4.2,1.6,5.5,4.0,1.57,38,6.0,5.58,4.25,3.94,1.65,1.59,33,1.73,1.68,2.3,2.16,22,1.0,1.94,1.91,2.01,1.97,6.54,4.69,1.53
D1,22/09/12,Mainz,Augsburg,2,0,H,2,0,H,11,11,5,3,23,17,4,6,0,2,0,0,1.73,3.6,4.75,1.75,3.6,4.5,1.75,3.6,4.5,1.8,3.4,4.0,1.8,3.3,3.75,1.71,3.78,5.79,1.75,3.4,5.0,1.73,3.5,4.8,1.73,3.7,5.75,1.7,3.6,5.0,38,1.8,1.73,3.82,3.56,5.75,4.89,34,2.06,1.95,1.91,1.85,22,-0.75,1.96,1.92,1.99,1.94,1.96,3.56,4.34
D1,22/09/12,Schalke 04,Bayern Munich,0,2,A,0,0,D,14,13,5,5,14,18,2,3,2,0,0,0,4.0,3.4,1.91,3.8,3.4,1.95,3.8,3.4,1.95,3.7,3.3,1.9,3.75,3.3,1.8,4.05,3.76,1.97,3.8,3.3,2.0,3.75,3.4,1.95,4.0,3.7,1.95,3.8,3.5,1.91,38,4.12,3.85,3.75,3.47,2.0,1.94,33,1.7,1.64,2.35,2.24,20,0.75,1.76,1.73,2.3,2.18,3.46,3.64,2.19
D1,22/09/12,Wolfsburg,Greuther Furth,1,1,D,1,1,D,12,8,5,1,20,22,7,2,0,2,0,0,1.8,3.75,4.2,1.78,3.6,4.33,1.78,3.6,4.33,1.75,3.4,4.3,1.73,3.4,4.0,1.84,3.79,4.7,1.83,3.4,4.5,1.83,3.5,4.33,1.83,3.75,4.6,1.83,3.5,4.2,38,1.84,1.8,3.8,3.56,4.83,4.4,31,1.93,1.83,2.04,1.96,20,-0.75,2.12,2.07,1.85,1.81,1.93,3.64,4.42
D1,23/09/12,Hoffenheim,Hannover,3,1,H,1,1,D,16,5,6,2,13,18,8,2,3,2,0,0,2.5,3.4,2.7,2.5,3.6,2.75,2.5,3.6,2.75,2.5,3.35,2.5,2.38,3.3,2.5,2.5,3.57,2.94,2.62,3.1,2.8,2.5,3.3,2.63,2.5,3.5,2.9,2.6,3.3,2.6,38,2.62,2.49,3.6,3.38,2.9,2.73,34,1.8,1.74,2.2,2.08,22,0.0,1.85,1.81,2.11,2.04,2.84,3.65,2.52
D1,23/09/12,Leverkusen,M'gladbach,1,1,D,1,1,D,31,5,9,1,13,12,10,3,0,4,0,0,1.91,3.6,3.8,2.05,3.6,3.6,2.05,3.6,3.6,2.0,3.3,3.3,1.91,3.3,3.4,2.05,3.71,3.85,2.05,3.2,3.75,2.0,3.4,3.6,2.0,3.6,3.8,2.0,3.4,3.6,37,2.05,1.99,3.65,3.42,3.9,3.72,33,1.95,1.88,2.0,1.91,20,-0.5,2.03,2.0,1.91,1.88,2.27,3.45,3.45
D1,23/09/12,Werder Bremen,Stuttgart,2,2,D,2,0,H,11,13,6,2,17,13,6,7,4,0,1,1,1.91,3.6,3.75,2.0,3.6,3.8,2.0,3.6,3.8,1.9,3.3,3.7,2.0,3.2,3.2,1.93,3.88,4.11,1.95,3.3,4.0,2.0,3.4,3.75,1.91,3.75,4.1,2.0,3.4,3.6,38,2.0,1.92,3.95,3.51,4.04,3.87,23,1.62,1.56,2.52,2.35,20,-0.5,1.98,1.92,2.02,1.96,2.11,3.66,3.66
D1,25/09/12,Bayern Munich,Wolfsburg,3,0,H,1,0,H,25,4,13,1,15,18,10,2,1,1,0,0,1.2,6.5,13.0,1.2,6.5,12.0,1.2,6.5,12.0,1.2,5.5,12.0,1.2,6.0,8.0,1.21,7.79,16.07,1.22,5.5,15.0,1.22,6.25,12.0,1.2,7.5,15.0,1.2,6.5,12.0,38,1.22,1.2,7.65,6.68,17.0,14.03,24,1.43,1.37,3.05,2.95,24,-2.0,2.01,1.96,1.95,1.91,1.18,8.41,18.98
D1,25/09/12,Ein Frankfurt,Dortmund,3,3,D,0,2,A,14,9,5,7,13,15,6,4,2,1,0,0,4.2,3.75,1.8,3.9,3.7,1.83,3.9,3.7,1.83,3.7,3.3,1.9,3.75,3.3,1.8,4.73,3.87,1.82,4.0,3.5,1.91,4.5,3.75,1.73,4.5,3.75,1.85,4.0,3.6,1.83,38,5.0,4.6,4.1,3.78,1.85,1.74,35,1.7,1.64,2.34,2.26,21,0.75,1.99,1.93,2.0,1.94,5.07,3.82,1.78
D1,25/09/12,Greuther Furth,Fortuna Dusseldorf,0,2,A,0,2,A,11,10,3,5,22,15,4,2,2,2,0,0,2.15,3.25,3.5,2.1,3.4,3.7,2.1,3.4,3.7,2.2,3.0,3.2,2.1,3.2,3.0,2.13,3.46,3.82,2.15,3.2,3.5,2.2,3.13,3.3,2.1,3.4,3.75,2.05,3.3,3.6,38,2.38,2.23,3.4,3.23,3.54,3.32,35,2.45,2.26,1.73,1.64,23,-0.25,2.04,1.97,2.11,1.9,2.12,3.39,3.94
D1,25/09/12,Schalke 04,Mainz,3,0,H,1,0,H,16,10,9,3,10,11,7,3,2,2,0,0,1.57,3.8,6.0,1.57,3.9,5.75,1.57,3.9,5.75,1.55,3.7,5.4,1.5,3.6,5.5,1.61,4.2,6.26,1.62,3.5,6.0,1.5,4.0,6.5,1.6,4.1,6.25,1.53,4.0,6.0,38,1.57,1.52,4.57,4.07,7.15,6.46,35,1.74,1.67,2.28,2.2,24,-1.0,2.02,1.85,2.1,2.02,1.57,4.17,6.93
D1,26/09/12,Augsburg,Leverkusen,1,3,A,0,3,A,11,12,6,6,9,17,3,2,1,3,0,0,3.2,3.3,2.25,3.1,3.2,2.3,3.1,3.2,2.3,2.8,3.2,2.3,2.75,3.2,2.25,3.3,3.39,2.37,3.1,3.3,2.3,3.0,3.25,2.38,3.25,3.4,2.38,3.0,3.3,2.3,38,3.35,3.06,3.4,3.28,2.4,2.33,35,2.15,2.06,1.82,1.76,22,0.25,1.92,1.88,2.05,1.99,3.91,3.62,2.04
D1,26/09/12,Freiburg,Werder Bremen,1,2,A,1,0,H,18,5,7,3,15,24,7,2,2,4,0,0,2.5,3.4,2.7,2.7,3.6,2.55,2.7,3.6,2.55,2.8,3.2,2.3,2.5,3.1,2.5,2.6,3.59,2.79,2.62,3.6,2.5,2.5,3.3,2.63,2.6,3.6,2.75,2.5,3.3,2.7,38,2.7,2.58,3.6,3.39,2.8,2.64,32,1.74,1.67,2.3,2.17,21,0.0,1.9,1.87,2.05,1.98,2.31,3.59,3.23
D1,26/09/12,Hannover,Nurnberg,4,1,H,2,0,H,7,6,4,2,15,19,5,6,3,2,0,0,2.1,3.4,3.4,2.1,3.5,3.6,2.1,3.5,3.6,1.9,3.3,3.7,1.83,3.4,3.5,2.27,3.52,3.37,2.15,3.5,3.25,2.1,3.3,3.4,2.2,3.5,3.4,2.15,3.3,3.3,38,2.26,2.13,3.51,3.35,3.7,3.41,33,1.94,1.86,2.0,1.94,23,-0.25,1.95,1.91,1.99,1.96,2.1,3.63,3.72
D1,26/09/12,M'gladbach,Hamburg,2,2,D,1,2,A,9,18,4,4,12,19,4,5,2,1,1,0,1.91,3.5,4.0,1.9,3.4,4.0,1.9,3.4,4.0,2.0,3.3,3.3,1.8,3.3,3.75,1.86,3.76,4.57,1.91,3.5,4.0,1.9,3.4,4.0,1.87,3.7,4.5,1.83,3.5,4.2,37,2.0,1.87,3.74,3.48,4.55,4.17,34,1.94,1.87,2.02,1.93,20,-0.5,1.88,1.86,2.06,2.03,1.79,4.03,4.66
D1,26/09/12,Stuttgart,Hoffenheim,0,3,A,0,1,A,8,16,3,10,18,15,4,5,2,2,0,0,1.83,3.75,4.0,1.75,3.75,4.33,1.75,3.75,4.33,1.95,3.3,3.6,1.73,3.4,4.0,1.89,3.81,4.37,1.85,3.8,4.0,1.83,3.6,4.0,1.85,3.75,4.33,1.83,3.5,4.2,38,1.95,1.84,3.85,3.61,4.55,4.16,31,1.7,1.61,2.38,2.28,20,-0.75,2.14,2.08,1.86,1.81,1.67,4.37,5.23
D1,28/09/12,Fortuna Dusseldorf,Schalke 04,2,2,D,0,2,A,7,14,2,6,10,9,4,4,1,1,0,0,4.33,3.5,1.83,4.6,3.5,1.85,4.6,3.5,1.85,3.4,3.2,2.0,4.0,3.4,1.91,4.95,3.72,1.82,4.6,3.5,1.8,4.33,3.4,1.83,4.8,3.6,1.83,3.8,3.5,1.91,38,4.97,4.52,3.7,3.52,1.9,1.82,35,2.1,1.98,1.91,1.83,21,0.75,1.85,1.8,2.16,2.09,4.57,3.67,1.89
D1,29/09/12,Dortmund,M'gladbach,5,0,H,2,0,H,17,9,8,3,10,8,10,5,0,1,0,0,1.36,4.5,9.0,1.4,4.75,7.0,1.4,4.75,7.0,1.4,4.1,7.0,1.4,4.5,8.0,1.39,5.14,9.55,1.4,4.5,8.0,1.36,4.5,8.5,1.36,5.0,9.5,1.36,4.75,8.0,37,1.4,1.38,5.14,4.61,9.55,8.52,31,1.73,1.64,2.38,2.23,23,-1.5,2.11,2.06,1.85,1.82,1.36,5.35,10.3
D1,29/09/12,Hamburg,Hannover,1,0,H,1,0,H,10,14,4,5,25,12,2,8,3,1,0,0,2.3,3.4,3.0,2.35,3.6,2.95,2.35,3.6,2.95,2.2,3.2,3.0,2.3,3.4,3.0,2.34,3.69,3.11,2.4,3.1,3.1,2.38,3.3,3.0,2.38,3.6,3.0,2.25,3.4,3.0,38,2.4,2.3,3.7,3.41,3.14,3.01,32,1.73,1.63,2.44,2.25,23,-0.25,2.06,2.0,1.92,1.87,2.43,3.63,3.0
D1,29/09/12,Hoffenheim,Augsburg,0,0,D,0,0,D,9,5,2,2,19,16,6,2,2,1,1,0,1.75,3.75,4.5,1.75,3.6,4.5,1.75,3.6,4.5,1.65,3.5,4.6,1.8,3.6,4.33,1.8,3.89,4.82,1.8,3.2,5.0,1.8,3.6,4.33,1.75,3.8,5.0,1.73,3.75,4.5,38,1.8,1.76,3.9,3.66,5.1,4.53,35,1.83,1.74,2.2,2.09,23,-0.75,2.06,2.01,1.91,1.86,1.81,3.89,4.76
D1,29/09/12,Leverkusen,Greuther Furth,2,0,H,0,0,D,13,7,7,1,15,14,7,2,1,1,0,0,1.44,4.33,7.0,1.45,4.33,6.75,1.45,4.33,6.75,1.45,3.9,6.5,1.44,4.33,7.0,1.51,4.57,7.17,1.53,4.0,6.0,1.5,4.0,6.5,1.5,4.5,7.0,1.44,4.33,7.0,38,1.53,1.48,4.8,4.19,7.8,6.77,32,1.75,1.67,2.32,2.19,24,-1.0,1.86,1.82,2.16,2.06,1.47,4.68,7.85
D1,29/09/12,Nurnberg,Stuttgart,0,2,A,0,1,A,13,9,3,5,19,28,9,3,0,2,0,0,2.3,3.4,3.0,2.2,3.5,3.0,2.2,3.5,3.0,2.2,3.2,3.0,2.2,3.5,3.1,2.25,3.68,3.29,2.3,3.2,3.2,2.25,3.4,3.13,2.25,3.6,3.25,2.25,3.4,3.0,38,2.3,2.23,3.68,3.43,3.29,3.11,34,1.8,1.71,2.24,2.12,23,-0.25,1.97,1.93,1.99,1.94,2.33,3.69,3.12
D1,29/09/12,Werder Bremen,Bayern Munich,0,2,A,0,0,D,8,19,2,5,14,17,2,6,2,2,0,0,6.0,4.0,1.53,5.5,4.1,1.55,5.5,4.1,1.55,4.6,3.5,1.65,5.5,4.0,1.57,6.37,4.64,1.54,6.0,3.75,1.57,5.8,4.0,1.53,6.25,4.5,1.55,5.0,4.5,1.53,38,6.5,5.79,4.62,4.18,1.6,1.54,26,1.54,1.47,2.8,2.61,25,1.0,2.08,2.01,1.92,1.86,5.91,4.88,1.55
D1,30/09/12,Ein Frankfurt,Freiburg,2,1,H,0,0,D,8,12,4,5,17,17,6,6,1,3,0,1,1.75,3.75,4.5,1.75,3.5,4.75,1.75,3.5,4.75,1.75,3.4,4.3,1.8,3.5,4.5,1.76,4.08,4.84,1.8,3.2,5.0,1.73,3.6,4.5,1.75,4.0,4.8,1.73,3.75,4.5,38,1.8,1.74,4.09,3.72,4.84,4.53,26,1.62,1.54,2.62,2.4,21,-0.75,1.98,1.94,1.98,1.93,1.9,3.81,4.32
D1,30/09/12,Wolfsburg,Mainz,0,2,A,0,2,A,19,7,5,3,18,18,11,2,3,3,0,0,2.1,3.4,3.4,2.2,3.5,3.3,2.2,3.5,3.3,2.2,3.3,2.9,2.2,3.4,3.2,2.26,3.59,3.34,2.3,3.2,3.2,2.25,3.3,3.13,2.25,3.5,3.3,2.25,3.4,3.0,37,2.3,2.21,3.59,3.37,3.45,3.22,34,1.85,1.78,2.15,2.02,22,-0.25,1.96,1.91,2.01,1.95,2.41,3.5,3.11
D1,05/10/12,Augsburg,Werder Bremen,3,1,H,2,1,H,12,15,4,5,17,14,3,3,2,1,0,0,2.9,3.5,2.3,3.2,3.4,2.3,3.2,3.4,2.3,2.9,3.3,2.3,3.0,3.4,2.3,3.09,3.64,2.37,3.0,3.3,2.38,3.0,3.3,2.3,3.1,3.6,2.3,3.0,3.4,2.25,37,3.1,2.76,3.53,3.41,2.65,2.49,33,1.83,1.75,2.18,2.08,23,0.0,2.1,2.01,1.92,1.85,2.58,3.58,2.83
D1,06/10/12,Bayern Munich,Hoffenheim,2,0,H,1,0,H,13,4,2,1,14,20,8,1,0,3,0,0,1.14,7.5,17.0,1.15,7.5,15.0,1.15,7.5,15.0,1.17,6.5,14.0,1.17,7.0,15.0,1.17,8.91,19.24,1.17,7.0,15.0,1.17,7.0,15.0,1.15,8.5,19.0,1.14,7.5,15.0,38,1.18,1.16,9.0,7.29,20.0,16.5,23,1.41,1.36,3.25,3.0,22,-2.25,2.01,1.96,1.95,1.91,1.14,9.25,22.0
D1,06/10/12,Freiburg,Nurnberg,3,0,H,1,0,H,18,11,7,4,17,17,3,9,3,3,0,0,2.1,3.5,3.3,2.2,3.5,3.3,2.2,3.5,3.3,2.2,3.3,3.1,2.2,3.5,3.1,2.19,3.55,3.55,2.15,3.4,3.3,2.2,3.3,3.2,2.15,3.5,3.5,2.15,3.3,3.3,38,2.2,2.17,3.59,3.39,3.52,3.28,33,1.91,1.81,2.08,2.0,22,0.0,1.61,1.57,2.53,2.44,2.04,3.64,3.92
D1,06/10/12,Greuther Furth,Hamburg,0,1,A,0,1,A,12,8,2,4,22,24,6,1,4,2,0,0,2.7,3.4,2.5,2.8,3.4,2.4,2.8,3.4,2.4,2.9,3.3,2.3,2.8,3.4,2.4,2.78,3.5,2.67,2.88,3.3,2.45,2.8,3.25,2.5,2.8,3.4,2.6,2.7,3.3,2.5,38,2.9,2.76,3.5,3.32,2.64,2.51,33,1.89,1.81,2.06,2.0,23,0.0,2.05,1.99,1.91,1.86,2.57,3.54,2.87
D1,06/10/12,Mainz,Fortuna Dusseldorf,1,0,H,0,0,D,13,7,3,4,22,13,2,2,4,2,0,1,1.83,3.5,4.33,1.9,3.4,4.0,1.9,3.4,4.0,1.95,3.35,3.7,1.83,3.5,4.33,1.89,3.55,4.75,1.91,3.5,4.0,1.9,3.4,4.33,1.87,3.5,4.75,1.85,3.4,4.2,37,1.95,1.88,3.58,3.39,4.66,4.24,33,2.19,2.08,1.85,1.74,21,-0.5,1.9,1.87,2.05,2.01,2.06,3.45,4.08
D1,06/10/12,Schalke 04,Wolfsburg,3,0,H,1,0,H,13,5,5,4,14,19,10,1,1,0,0,0,1.4,4.5,8.0,1.42,4.5,7.0,1.42,4.5,7.0,1.5,3.9,6.3,1.44,4.33,7.0,1.44,4.92,8.16,1.44,4.33,7.5,1.44,4.33,7.5,1.44,4.8,8.0,1.4,4.5,7.5,37,1.5,1.43,4.89,4.35,8.0,7.42,24,1.65,1.58,2.44,2.31,22,-1.5,2.28,2.21,1.75,1.71,1.42,5.31,7.9
D1,07/10/12,Hannover,Dortmund,1,1,D,0,1,A,14,12,6,3,19,17,7,3,4,0,0,0,5.0,3.75,1.67,4.6,3.75,1.7,4.6,3.75,1.7,4.5,3.5,1.75,5.0,3.75,1.67,5.42,4.2,1.67,4.5,4.2,1.67,4.8,3.75,1.67,5.25,4.1,1.67,4.75,3.8,1.67,38,5.4,4.9,4.17,3.8,1.75,1.68,24,1.62,1.54,2.56,2.42,22,1.0,1.8,1.74,2.2,2.15,5.2,4.41,1.66
D1,07/10/12,M'gladbach,Ein Frankfurt,2,0,H,2,0,H,6,12,3,3,18,19,1,7,4,0,0,0,2.25,3.5,3.0,2.4,3.6,2.9,2.4,3.6,2.9,2.2,3.4,3.0,2.25,3.5,3.0,2.35,3.62,3.13,2.2,3.5,3.1,2.3,3.3,3.0,2.38,3.6,3.0,2.3,3.3,3.0,36,2.4,2.31,3.63,3.41,3.25,2.99,30,1.69,1.62,2.41,2.26,22,0.0,1.73,1.69,2.28,2.21,2.5,3.58,2.96
D1,07/10/12,Stuttgart,Leverkusen,2,2,D,1,1,D,10,13,2,6,14,19,4,7,2,3,0,0,2.4,3.5,2.75,2.65,3.6,2.6,2.65,3.6,2.6,2.5,3.3,2.65,2.4,3.5,2.75,2.55,3.65,2.78,2.5,3.3,2.75,2.5,3.3,2.75,2.55,3.6,2.75,2.4,3.4,2.75,37,2.62,2.5,3.61,3.37,2.8,2.72,24,1.67,1.6,2.42,2.27,23,0.0,1.91,1.85,2.05,2.0,2.99,3.67,2.41
D1,19/10/12,Hoffenheim,Greuther Furth,3,3,D,1,1,D,19,16,11,8,15,21,4,4,0,5,0,0,1.83,3.6,4.2,1.91,3.5,4.33,1.91,3.5,4.33,1.75,3.6,4.3,1.8,3.5,4.5,1.93,3.64,4.42,1.8,3.5,4.5,1.83,3.4,4.0,1.9,3.6,4.5,1.8,3.4,4.5,35,1.93,1.85,3.65,3.49,4.69,4.38,31,2.12,2.0,1.91,1.82,18,-0.75,2.24,2.16,1.79,1.76,1.82,3.78,4.86
D1,20/10/12,Dortmund,Schalke 04,1,2,A,0,1,A,8,7,4,4,18,14,4,5,2,3,0,0,1.62,4.0,5.0,1.75,3.8,5.0,1.75,3.8,5.0,1.75,3.5,4.5,1.67,3.75,5.0,1.7,4.04,5.35,1.67,3.8,5.0,1.67,3.75,4.8,1.7,4.0,5.25,1.7,3.6,5.0,35,1.75,1.68,4.11,3.81,5.25,4.95,22,1.65,1.58,2.46,2.31,20,-0.75,1.9,1.87,2.05,2.01,1.95,3.8,4.09
D1,20/10/12,Ein Frankfurt,Hannover,3,1,H,2,1,H,15,14,7,4,18,17,6,8,2,4,0,0,2.1,3.5,3.3,2.2,3.7,3.2,2.2,3.7,3.2,2.3,3.4,2.83,2.15,3.4,3.25,2.25,3.71,3.26,2.1,3.5,3.3,2.1,3.4,3.2,2.2,3.7,3.25,2.2,3.3,3.2,35,2.3,2.16,3.75,3.44,3.37,3.24,22,1.62,1.56,2.52,2.34,20,-0.25,1.95,1.91,2.0,1.97,2.21,3.7,3.36
D1,20/10/12,Fortuna Dusseldorf,Bayern Munich,0,5,A,0,2,A,2,24,1,14,18,13,2,6,3,1,0,0,11.0,5.0,1.29,9.25,4.75,1.33,9.25,4.75,1.33,7.6,4.8,1.35,10.0,5.0,1.3,11.0,5.57,1.33,9.0,5.0,1.33,10.0,5.0,1.3,11.0,5.5,1.33,10.0,5.0,1.3,35,12.0,10.19,5.6,5.01,1.35,1.31,30,1.78,1.69,2.25,2.17,22,1.5,1.97,1.92,2.0,1.95,11.5,6.01,1.3
D1,20/10/12,Leverkusen,Mainz,2,2,D,1,0,H,14,10,8,3,8,15,5,3,4,3,0,0,1.67,3.8,5.0,1.67,3.8,4.75,1.67,3.8,4.75,1.6,3.8,5.2,1.62,3.75,5.5,1.68,4.09,5.54,1.67,3.8,5.0,1.67,3.75,5.0,1.67,4.1,5.5,1.67,3.75,5.0,35,1.7,1.66,4.15,3.78,5.58,5.21,31,1.83,1.75,2.15,2.09,20,-0.75,1.89,1.86,2.07,2.02,1.64,4.15,5.89
D1,20/10/12,Werder Bremen,M'gladbach,4,0,H,2,0,H,20,9,7,2,12,11,10,3,1,2,0,0,2.1,3.4,3.4,2.2,3.5,3.3,2.2,3.5,3.3,2.2,3.4,3.0,2.1,3.5,3.25,2.21,3.63,3.42,2.1,3.5,3.3,2.2,3.3,3.25,2.2,3.6,3.4,2.1,3.4,3.3,35,2.3,2.18,3.7,3.38,3.45,3.28,30,1.8,1.7,2.22,2.15,20,-0.25,1.94,1.91,2.0,1.97,2.16,3.6,3.58
D1,20/10/12,Wolfsburg,Freiburg,0,2,A,0,1,A,9,8,2,5,23,14,7,1,1,2,0,0,2.25,3.4,3.1,2.2,3.4,3.1,2.2,3.4,3.1,2.2,3.4,3.0,2.25,3.5,3.0,2.33,3.59,3.2,2.25,3.4,3.1,2.25,3.3,3.0,2.3,3.5,3.2,2.2,3.4,3.1,35,2.36,2.26,3.6,3.4,3.2,3.09,31,1.89,1.81,2.08,2.01,20,-0.25,2.04,2.0,1.92,1.89,2.45,3.65,2.96
D1,21/10/12,Hamburg,Stuttgart,0,1,A,0,1,A,18,21,8,6,21,13,3,4,0,2,0,0,2.25,3.4,3.1,2.35,3.6,2.95,2.35,3.6,2.95,2.1,3.4,3.2,2.25,3.5,3.0,2.32,3.63,3.19,2.25,3.4,3.1,2.3,3.25,3.0,2.3,3.6,3.12,2.25,3.3,3.1,35,2.35,2.25,3.64,3.39,3.29,3.12,27,1.7,1.62,2.39,2.28,20,-0.25,2.02,1.98,1.94,1.9,2.23,3.79,3.24
D1,21/10/12,Nurnberg,Augsburg,0,0,D,0,0,D,8,10,2,4,24,22,4,2,4,3,0,0,2.0,3.5,3.6,2.0,3.4,3.6,2.0,3.4,3.6,1.95,3.4,3.6,1.95,3.5,3.8,2.08,3.51,3.92,2.0,3.5,3.6,2.05,3.3,3.6,2.05,3.5,3.9,2.0,3.4,3.6,35,2.1,2.01,3.55,3.35,4.0,3.77,31,2.06,1.96,1.91,1.86,18,-0.5,2.07,2.03,1.89,1.85,2.39,3.28,3.35
D1,26/10/12,Augsburg,Hamburg,0,2,A,0,1,A,19,10,2,4,10,19,13,3,1,3,0,0,2.38,3.4,2.88,2.65,3.4,2.7,2.65,3.4,2.7,2.6,3.2,2.6,2.5,3.25,2.8,2.39,3.53,3.12,2.4,3.25,2.9,2.38,3.25,2.88,2.38,3.5,3.0,2.4,3.3,2.88,36,2.4,2.2,3.5,3.36,3.62,3.29,33,2.16,1.96,1.91,1.85,21,-0.25,1.99,1.89,2.06,1.99,2.22,3.53,3.5
D1,27/10/12,Fortuna Dusseldorf,Wolfsburg,1,4,A,0,0,D,6,10,2,7,19,18,1,4,1,1,1,0,2.3,3.3,3.1,2.3,3.4,2.9,2.3,3.4,2.9,2.45,3.3,2.7,2.3,3.3,3.1,2.39,3.44,3.21,2.38,3.25,3.0,2.3,3.25,3.0,2.38,3.4,3.2,2.3,3.3,3.0,36,2.45,2.33,3.43,3.29,3.21,3.06,33,2.22,2.09,1.83,1.74,21,-0.25,2.06,2.02,1.89,1.85,2.58,3.46,2.91
D1,27/10/12,Freiburg,Dortmund,0,2,A,0,0,D,6,17,2,6,19,18,3,7,2,3,0,0,5.5,3.75,1.62,5.5,4.0,1.65,5.5,4.0,1.65,5.1,3.6,1.65,5.5,3.75,1.62,5.55,4.03,1.69,4.75,4.0,1.67,5.5,3.6,1.62,5.5,4.0,1.67,5.0,3.75,1.67,36,5.8,5.49,4.1,3.75,1.7,1.64,26,1.67,1.61,2.44,2.29,20,0.75,2.1,2.04,1.86,1.83,4.63,3.84,1.84
D1,27/10/12,Greuther Furth,Werder Bremen,1,1,D,1,1,D,10,16,3,8,24,17,4,6,3,1,0,0,2.6,3.4,2.6,2.75,3.5,2.55,2.75,3.5,2.55,2.65,3.3,2.5,2.62,3.3,2.6,2.69,3.53,2.74,2.7,3.3,2.55,2.62,3.25,2.6,2.7,3.5,2.7,2.7,3.3,2.5,36,2.75,2.67,3.61,3.34,2.74,2.59,33,1.87,1.82,2.1,1.98,22,0.0,1.98,1.93,1.97,1.91,3.02,3.67,2.4
D1,27/10/12,Mainz,Hoffenheim,3,0,H,1,0,H,11,7,5,2,12,19,4,2,1,2,0,0,2.0,3.5,3.6,2.05,3.5,3.4,2.05,3.5,3.4,2.1,3.4,3.2,2.05,3.4,3.5,2.12,3.55,3.76,2.05,3.4,3.5,2.05,3.3,3.5,2.05,3.5,3.7,2.0,3.4,3.6,36,2.12,2.05,3.65,3.42,3.84,3.56,32,1.94,1.85,2.02,1.95,19,-0.25,1.83,1.79,2.15,2.09,2.46,3.46,3.1
D1,27/10/12,Schalke 04,Nurnberg,1,0,H,0,0,D,17,10,8,2,12,15,4,3,0,3,0,0,1.3,5.5,9.0,1.31,5.5,10.5,1.31,5.5,10.5,1.35,4.8,7.6,1.33,5.0,9.0,1.32,5.73,11.56,1.33,5.0,8.5,1.29,5.25,10.0,1.3,5.75,11.5,1.3,5.0,10.0,36,1.35,1.29,6.0,5.35,11.55,10.11,24,1.57,1.5,2.65,2.51,22,-1.5,1.86,1.81,2.12,2.07,1.24,6.95,14.0
D1,28/10/12,Bayern Munich,Leverkusen,1,2,A,0,1,A,23,5,6,5,15,17,14,2,3,1,0,0,1.22,6.0,13.0,1.22,6.35,11.0,1.22,6.35,11.0,1.25,5.5,10.3,1.22,6.0,12.0,1.26,6.59,13.6,1.22,6.0,13.0,1.25,5.75,12.0,1.25,6.25,13.0,1.22,6.0,12.0,36,1.27,1.24,6.55,5.93,14.0,12.11,23,1.46,1.39,3.15,2.85,20,-2.0,2.3,2.22,1.76,1.69,1.29,6.25,11.99
D1,28/10/12,Hannover,M'gladbach,2,3,A,0,0,D,5,14,3,9,17,15,4,7,2,1,0,0,1.91,3.6,3.8,2.0,3.6,3.8,2.0,3.6,3.8,1.9,3.4,3.85,1.95,3.5,3.75,1.95,3.73,4.17,1.91,3.4,4.0,1.95,3.4,3.8,1.92,3.7,4.1,1.95,3.5,3.75,35,1.96,1.92,3.79,3.5,4.31,3.93,31,1.8,1.73,2.2,2.1,17,-0.5,1.94,1.91,2.01,1.97,1.75,3.84,5.28
D1,28/10/12,Stuttgart,Ein Frankfurt,2,1,H,1,0,H,14,13,4,7,17,18,10,5,2,3,0,0,2.1,3.5,3.3,2.15,3.7,3.3,2.15,3.7,3.3,2.1,3.4,3.2,2.1,3.5,3.25,2.21,3.71,3.36,2.15,3.4,3.25,2.1,3.4,3.3,2.2,3.6,3.3,2.2,3.4,3.1,36,2.25,2.16,3.7,3.45,3.43,3.26,24,1.62,1.55,2.56,2.35,19,-0.25,1.94,1.9,2.02,1.97,2.21,3.66,3.4
D1,02/11/12,Ein Frankfurt,Greuther Furth,1,1,D,1,0,H,7,12,4,8,15,26,3,7,2,2,0,0,1.6,4.0,5.25,1.67,3.8,5.75,1.67,3.8,5.75,1.73,3.6,4.4,1.67,3.75,5.0,1.6,4.31,6.19,1.6,4.0,5.5,1.57,3.8,5.5,1.6,4.2,6.0,1.62,3.8,5.5,35,1.73,1.61,4.5,3.95,6.2,5.56,31,1.77,1.71,2.22,2.16,20,-0.75,1.76,1.73,2.25,2.2,1.61,4.3,6.01
D1,03/11/12,Dortmund,Stuttgart,0,0,D,0,0,D,20,12,7,3,9,19,9,2,0,4,0,0,1.33,5.0,9.0,1.4,5.0,8.0,1.4,5.0,8.0,1.4,4.6,6.8,1.33,5.0,9.0,1.38,5.47,9.0,1.4,4.5,8.0,1.36,4.8,8.0,1.36,5.4,9.0,1.36,5.0,8.0,35,1.4,1.36,5.5,4.9,9.7,8.34,21,1.53,1.47,2.84,2.58,21,-1.5,2.1,2.04,1.89,1.84,1.42,5.15,8.25
D1,03/11/12,Hamburg,Bayern Munich,0,3,A,0,1,A,7,15,3,8,17,14,2,5,2,2,0,0,7.5,5.0,1.36,7.25,5.0,1.36,7.25,5.0,1.36,7.0,4.0,1.45,8.0,4.75,1.36,9.29,5.26,1.38,8.0,4.5,1.4,8.5,4.8,1.36,9.0,5.0,1.36,8.0,5.0,1.36,35,10.0,8.41,5.3,4.76,1.45,1.37,24,1.62,1.56,2.58,2.39,21,1.5,1.9,1.86,2.07,2.02,9.0,5.48,1.38
D1,03/11/12,Hannover,Augsburg,2,0,H,1,0,H,14,10,4,5,16,17,2,9,0,0,0,0,1.7,3.75,4.75,1.72,3.8,4.4,1.72,3.8,4.4,1.7,3.6,4.7,1.67,3.75,5.0,1.79,3.84,5.0,1.8,3.5,4.5,1.73,3.5,4.5,1.75,3.8,4.8,1.75,3.6,4.75,35,1.8,1.73,3.9,3.62,5.1,4.8,31,1.94,1.84,2.06,1.97,20,-1.0,2.47,2.39,1.67,1.61,1.86,3.73,4.65
D1,03/11/12,Hoffenheim,Schalke 04,3,2,H,1,1,D,6,23,4,10,18,12,0,5,2,3,0,0,4.33,3.6,1.8,4.2,3.8,1.85,4.2,3.8,1.85,3.7,3.5,1.9,4.0,3.75,1.83,4.61,3.94,1.82,4.0,3.75,1.83,4.33,3.6,1.8,4.5,3.9,1.8,4.0,3.75,1.83,35,4.62,4.23,3.95,3.68,1.9,1.81,29,1.72,1.67,2.3,2.2,19,0.75,1.88,1.84,2.1,2.04,4.5,4.13,1.8
D1,03/11/12,M'gladbach,Freiburg,1,1,D,0,0,D,14,13,4,3,12,12,4,6,1,0,0,0,2.25,3.25,3.2,2.25,3.5,3.2,2.25,3.5,3.2,1.9,3.5,3.7,2.1,3.5,3.25,2.34,3.46,3.29,2.3,3.2,3.2,2.2,3.25,3.2,2.3,3.4,3.3,2.1,3.4,3.4,35,2.33,2.2,3.5,3.33,3.7,3.28,31,2.02,1.9,1.98,1.91,20,-0.25,2.02,1.98,1.93,1.9,2.49,3.53,2.98
D1,03/11/12,Nurnberg,Wolfsburg,1,0,H,0,0,D,11,3,4,2,21,16,5,4,2,3,0,0,2.5,3.4,2.7,2.55,3.4,2.6,2.55,3.4,2.6,2.4,3.4,2.7,2.4,3.4,2.8,2.65,3.5,2.8,2.62,3.1,2.75,2.6,3.3,2.63,2.62,3.5,2.75,2.5,3.4,2.7,35,2.7,2.54,3.55,3.34,2.8,2.72,31,1.94,1.89,2.0,1.92,21,0.0,1.96,1.89,2.03,1.97,2.65,3.56,2.77
D1,04/11/12,Leverkusen,Fortuna Dusseldorf,3,2,H,2,1,H,18,14,10,3,13,18,7,5,0,2,1,0,1.44,4.33,7.0,1.44,4.2,7.25,1.44,4.2,7.25,1.5,4.0,6.1,1.44,4.33,7.0,1.45,4.8,8.18,1.5,4.0,7.0,1.44,4.33,7.0,1.45,4.6,8.0,1.44,4.33,7.5,35,1.5,1.44,4.8,4.35,8.18,7.24,31,1.74,1.69,2.3,2.18,21,-1.0,1.77,1.71,2.27,2.2,1.36,5.45,9.82
D1,04/11/12,Werder Bremen,Mainz,2,1,H,1,0,H,17,13,4,4,11,14,5,4,1,3,0,0,2.0,3.5,3.6,2.05,3.6,3.6,2.05,3.6,3.6,2.05,3.4,3.35,2.1,3.5,3.25,2.08,3.73,3.69,2.1,3.1,3.8,2.1,3.4,3.4,2.05,3.7,3.7,2.05,3.5,3.5,35,2.1,2.04,3.73,3.48,3.8,3.51,31,1.73,1.69,2.3,2.18,20,-0.25,1.82,1.79,2.15,2.1,2.1,3.49,3.83
D1,09/11/12,Mainz,Nurnberg,2,1,H,2,1,H,12,10,2,3,17,21,3,6,5,5,0,0,1.8,3.5,4.5,1.83,3.6,4.6,1.83,3.6,4.6,1.8,3.5,4.2,1.75,3.75,4.5,1.85,3.73,4.7,1.73,3.75,4.5,1.8,3.5,4.5,1.83,3.7,4.6,1.75,3.6,4.75,37,1.86,1.8,3.8,3.57,4.75,4.4,35,2.0,1.92,1.98,1.89,21,-0.75,2.14,2.07,1.86,1.81,1.9,3.74,4.41
D1,10/11/12,Augsburg,Dortmund,1,3,A,0,1,A,16,16,8,4,12,13,4,5,2,2,0,0,6.5,4.1,1.5,6.5,4.0,1.5,6.5,4.0,1.5,6.1,4.0,1.5,6.0,4.0,1.53,6.79,4.35,1.56,6.0,3.75,1.57,6.25,4.0,1.53,6.5,4.3,1.55,6.0,4.0,1.55,37,6.88,6.3,4.4,4.01,1.57,1.53,35,1.89,1.76,2.11,2.05,23,1.0,1.99,1.95,1.96,1.92,7.44,4.38,1.52
D1,10/11/12,Bayern Munich,Ein Frankfurt,2,0,H,1,0,H,19,13,12,2,11,12,8,4,0,3,0,0,1.17,7.0,16.0,1.18,7.25,12.0,1.18,7.25,12.0,1.2,5.8,13.0,1.17,7.0,15.0,1.18,8.46,17.5,1.17,6.5,17.0,1.18,7.0,13.0,1.18,8.5,17.0,1.17,7.5,15.0,37,1.2,1.17,8.7,7.05,23.0,15.28,25,1.4,1.35,3.25,3.06,22,-2.0,1.85,1.81,2.15,2.06,1.17,9.16,18.25
D1,10/11/12,Fortuna Dusseldorf,Hoffenheim,1,1,D,1,1,D,11,4,3,1,17,18,6,1,1,1,0,1,2.75,3.3,2.5,2.65,3.4,2.5,2.65,3.4,2.5,2.65,3.3,2.5,2.75,3.3,2.5,3.01,3.43,2.52,2.9,3.1,2.5,2.75,3.3,2.5,3.0,3.4,2.5,2.8,3.3,2.5,37,3.01,2.79,3.5,3.29,2.6,2.49,35,2.02,1.9,1.97,1.9,22,0.0,2.15,2.08,1.85,1.79,3.19,3.58,2.34
D1,10/11/12,Freiburg,Hamburg,0,0,D,0,0,D,16,9,3,4,19,20,9,3,2,3,0,1,2.0,3.5,3.6,2.05,3.6,3.3,2.05,3.6,3.3,2.2,3.3,3.1,2.1,3.5,3.25,2.09,3.66,3.73,2.05,3.2,3.75,2.05,3.4,3.5,2.05,3.6,3.7,2.05,3.4,3.6,37,2.2,2.05,3.68,3.44,3.85,3.52,35,1.96,1.89,2.0,1.91,21,-0.25,1.82,1.76,2.17,2.12,1.85,3.9,4.5
D1,10/11/12,Schalke 04,Werder Bremen,2,1,H,0,1,A,5,9,4,3,18,15,2,7,1,1,0,0,1.44,4.5,7.0,1.55,4.33,6.25,1.55,4.33,6.25,1.55,3.9,5.6,1.5,4.33,6.0,1.5,4.75,6.95,1.53,4.0,6.0,1.5,4.33,6.5,1.5,4.6,7.0,1.44,4.5,7.0,37,1.55,1.48,4.75,4.36,7.1,6.44,26,1.55,1.48,2.72,2.55,23,-1.0,1.85,1.76,2.2,2.12,1.45,5.23,7.27
D1,11/11/12,Greuther Furth,M'gladbach,2,4,A,2,1,H,11,10,3,7,15,13,4,4,2,0,2,0,2.6,3.25,2.7,2.65,3.4,2.7,2.65,3.4,2.7,2.6,3.3,2.55,2.62,3.3,2.6,2.63,3.37,2.91,2.7,3.1,2.7,2.6,3.2,2.75,2.62,3.3,2.88,2.62,3.3,2.62,37,2.7,2.61,3.4,3.23,2.91,2.71,35,2.2,2.03,1.85,1.78,22,0.0,1.89,1.84,2.1,2.01,2.46,3.58,3.0
D1,11/11/12,Stuttgart,Hannover,2,4,A,2,0,H,13,10,8,4,21,17,10,5,2,3,0,0,2.0,3.5,3.6,2.0,3.5,3.5,2.0,3.5,3.5,1.9,3.5,3.7,2.0,3.5,3.6,2.04,3.77,3.78,2.05,3.2,3.75,2.05,3.4,3.5,2.05,3.7,3.75,2.0,3.5,3.6,37,2.1,2.01,3.77,3.48,3.9,3.61,34,1.69,1.64,2.38,2.23,20,-0.5,2.04,2.0,1.91,1.88,1.88,3.93,4.29
D1,11/11/12,Wolfsburg,Leverkusen,3,1,H,3,0,H,12,9,6,4,8,17,5,6,1,3,0,0,3.1,3.5,2.2,3.2,3.7,2.2,3.2,3.7,2.2,2.9,3.4,2.25,3.25,3.5,2.1,3.26,3.66,2.27,3.3,3.2,2.25,3.2,3.4,2.2,3.25,3.6,2.25,3.3,3.5,2.1,37,3.35,3.19,3.66,3.43,2.27,2.18,28,1.7,1.64,2.34,2.21,22,0.25,2.0,1.95,1.98,1.91,3.09,3.75,2.33
D1,17/11/12,Dortmund,Greuther Furth,3,1,H,3,1,H,15,5,6,2,7,10,3,1,2,2,0,0,1.17,7.0,15.0,1.17,7.25,13.0,1.17,7.25,13.0,1.2,5.8,13.0,1.17,7.0,15.0,1.17,8.55,19.35,1.18,6.5,15.0,1.17,6.5,15.0,1.18,8.0,19.0,1.17,7.0,15.0,37,1.2,1.18,8.55,6.93,20.0,15.69,25,1.47,1.4,3.0,2.79,21,-2.0,1.91,1.87,2.1,2.01,1.19,8.02,19.0
D1,17/11/12,Ein Frankfurt,Augsburg,4,2,H,2,1,H,19,7,4,2,16,19,6,6,1,3,0,0,1.73,3.75,4.5,1.7,3.7,4.75,1.7,3.7,4.75,1.72,3.55,4.6,1.67,3.75,5.0,1.84,3.89,4.52,1.73,3.75,4.5,1.73,3.6,4.5,1.83,3.8,4.6,1.7,3.75,4.75,37,1.83,1.76,3.96,3.68,5.0,4.54,35,1.84,1.74,2.17,2.09,22,-0.75,2.09,2.03,1.89,1.84,1.85,3.74,4.67
D1,17/11/12,Hamburg,Mainz,1,0,H,0,0,D,10,14,4,3,20,11,8,7,2,1,0,0,2.4,3.4,2.8,2.3,3.5,3.1,2.3,3.5,3.1,2.2,3.3,3.1,2.3,3.4,3.0,2.5,3.46,3.02,2.3,3.4,3.0,2.38,3.3,2.88,2.5,3.4,3.0,2.38,3.3,2.88,36,2.5,2.4,3.49,3.34,3.1,2.91,34,1.99,1.91,1.97,1.89,21,-0.25,2.19,2.13,1.81,1.77,2.29,3.51,3.33
D1,17/11/12,Hannover,Freiburg,1,2,A,1,1,D,15,21,5,8,12,15,11,6,2,1,0,0,2.1,3.4,3.4,1.95,3.5,3.7,1.95,3.5,3.7,1.85,3.5,3.95,1.95,3.5,3.75,2.12,3.64,3.65,2.05,3.5,3.4,2.05,3.4,3.5,2.1,3.6,3.6,1.95,3.5,3.75,37,2.11,2.03,3.65,3.46,3.95,3.57,35,1.82,1.72,2.18,2.1,21,-0.25,1.83,1.78,2.15,2.09,2.13,3.61,3.65
D1,17/11/12,Leverkusen,Schalke 04,2,0,H,1,0,H,18,8,7,3,6,13,3,1,1,2,0,1,2.63,3.5,2.5,2.65,3.6,2.6,2.65,3.6,2.6,2.4,3.3,2.75,2.5,3.5,2.62,2.81,3.66,2.53,2.5,3.6,2.6,2.63,3.3,2.6,2.75,3.6,2.55,2.5,3.5,2.62,36,2.86,2.7,3.66,3.4,2.75,2.52,26,1.65,1.57,2.52,2.32,22,0.0,2.09,2.01,1.91,1.84,2.85,3.6,2.54
D1,17/11/12,M'gladbach,Stuttgart,1,2,A,1,1,D,12,13,5,6,17,16,9,2,3,4,0,0,2.38,3.4,2.88,2.55,3.5,2.75,2.55,3.5,2.75,2.4,3.3,2.75,2.4,3.4,2.8,2.57,3.55,2.85,2.45,3.4,2.75,2.5,3.3,2.75,2.55,3.5,2.88,2.4,3.3,2.88,36,2.57,2.46,3.55,3.37,2.9,2.8,34,1.76,1.7,2.3,2.14,22,0.0,1.86,1.81,2.11,2.04,2.59,3.49,2.88
D1,17/11/12,Nurnberg,Bayern Munich,1,1,D,0,1,A,7,7,2,4,13,25,7,8,3,2,1,0,10.0,5.5,1.29,10.0,5.25,1.28,10.0,5.25,1.28,9.0,5.0,1.3,11.0,5.0,1.29,13.0,5.9,1.29,10.0,5.0,1.3,11.0,5.0,1.29,13.0,5.75,1.29,12.0,5.5,1.25,36,13.08,11.31,6.0,5.39,1.3,1.28,26,1.64,1.56,2.5,2.35,20,1.5,2.13,2.07,1.85,1.81,10.25,5.36,1.36
D1,18/11/12,Hoffenheim,Wolfsburg,1,3,A,0,2,A,25,8,7,4,12,14,10,0,2,1,0,0,2.25,3.4,3.1,2.3,3.5,3.1,2.3,3.5,3.1,2.35,3.4,2.77,2.3,3.5,2.9,2.36,3.57,3.15,2.2,3.5,3.1,2.25,3.3,3.13,2.38,3.5,3.12,2.25,3.4,3.0,37,2.4,2.3,3.6,3.38,3.2,3.02,36,1.79,1.72,2.24,2.12,22,-0.25,2.06,2.0,1.9,1.87,2.29,3.66,3.17
D1,18/11/12,Werder Bremen,Fortuna Dusseldorf,2,1,H,0,1,A,22,4,6,3,21,15,10,1,3,3,1,0,1.53,4.1,6.0,1.53,4.1,5.75,1.53,4.1,5.75,1.53,3.85,6.0,1.53,4.0,6.0,1.56,4.54,6.29,1.55,4.2,5.5,1.53,4.0,6.25,1.55,4.5,6.25,1.5,4.2,6.0,36,1.57,1.54,4.6,4.07,6.4,6.0,31,1.7,1.62,2.39,2.28,22,-1.0,1.97,1.91,2.02,1.95,1.46,4.76,8.1
D1,23/11/12,Fortuna Dusseldorf,Hamburg,2,0,H,1,0,H,11,13,3,4,18,13,3,8,2,3,0,0,3.0,3.25,2.38,2.9,3.4,2.3,2.9,3.4,2.3,2.7,3.2,2.5,2.7,3.4,2.5,3.2,3.5,2.36,3.0,3.25,2.4,2.88,3.25,2.4,3.12,3.5,2.3,2.88,3.3,2.4,38,3.1,2.94,3.45,3.34,2.5,2.4,37,2.11,1.99,1.9,1.81,23,0.25,1.84,1.8,2.14,2.09,3.0,3.47,2.5
D1,24/11/12,Bayern Munich,Hannover,5,0,H,3,0,H,19,8,14,5,14,16,5,2,2,3,0,0,1.17,7.0,15.0,1.17,7.25,13.0,1.17,7.25,13.0,1.2,5.8,13.0,1.17,7.0,15.0,1.19,8.11,17.6,1.17,7.0,15.0,1.18,7.0,13.0,1.18,8.0,17.0,1.14,7.5,15.0,38,1.2,1.17,8.9,7.14,19.5,15.11,26,1.36,1.31,3.5,3.27,24,-2.25,2.07,2.0,1.9,1.86,1.15,9.39,20.2
D1,24/11/12,Greuther Furth,Nurnberg,0,0,D,0,0,D,5,3,1,0,23,20,6,1,2,2,1,1,2.5,3.3,2.75,2.35,3.4,2.85,2.35,3.4,2.85,2.5,3.2,2.7,2.4,3.4,2.8,2.53,3.43,3.0,2.5,3.2,2.8,2.4,3.3,2.88,2.5,3.4,2.9,2.5,3.3,2.75,39,2.55,2.46,3.45,3.32,3.0,2.83,37,2.18,2.08,1.81,1.74,24,0.0,1.83,1.77,2.16,2.08,2.83,3.33,2.73
D1,24/11/12,Mainz,Dortmund,1,2,A,1,2,A,10,12,3,5,19,8,4,2,4,0,0,0,5.5,3.75,1.62,5.5,3.7,1.62,5.5,3.7,1.62,5.1,3.6,1.65,5.5,3.75,1.62,5.64,4.18,1.66,5.5,3.5,1.67,5.5,3.6,1.62,5.5,4.1,1.65,5.5,3.75,1.62,39,5.7,5.39,4.16,3.77,1.68,1.64,37,1.78,1.71,2.2,2.12,24,0.75,2.1,2.06,1.86,1.82,5.57,4.05,1.68
D1,24/11/12,Schalke 04,Ein Frankfurt,1,1,D,1,1,D,18,11,4,2,12,13,9,1,1,1,0,1,1.5,4.33,6.0,1.5,4.5,5.5,1.5,4.5,5.5,1.5,4.0,6.1,1.44,4.33,7.0,1.54,4.75,6.3,1.53,4.0,6.0,1.5,4.33,5.8,1.5,4.6,6.5,1.44,4.5,6.5,39,1.56,1.49,4.75,4.36,7.0,6.19,27,1.51,1.44,2.9,2.66,24,-1.0,1.89,1.83,2.1,2.04,1.59,4.36,6.2
D1,24/11/12,Wolfsburg,Werder Bremen,1,1,D,0,1,A,14,12,5,2,17,16,5,7,2,2,0,1,2.25,3.4,3.1,2.25,3.5,2.95,2.25,3.5,2.95,2.2,3.3,3.1,2.25,3.5,3.0,2.3,3.7,3.17,2.3,3.4,3.0,2.25,3.4,3.0,2.3,3.7,3.12,2.25,3.6,2.88,39,2.32,2.25,3.7,3.47,3.35,3.04,28,1.64,1.58,2.48,2.3,24,0.0,1.69,1.65,2.35,2.27,2.54,3.64,2.84
D1,25/11/12,Augsburg,M'gladbach,1,1,D,1,0,H,13,9,1,3,19,10,3,1,1,2,0,0,2.38,3.25,3.0,2.3,3.4,2.95,2.3,3.4,2.95,2.5,3.3,2.65,2.38,3.4,2.88,2.37,3.38,3.31,2.4,3.1,3.1,2.3,3.25,3.0,2.38,3.3,3.2,2.38,3.4,2.8,39,2.5,2.35,3.45,3.31,3.31,3.01,37,2.24,2.08,1.8,1.73,24,0.0,1.75,1.69,2.33,2.21,2.57,3.41,2.98
D1,25/11/12,Freiburg,Stuttgart,3,0,H,1,0,H,26,10,11,2,12,19,10,3,2,3,0,0,2.2,3.5,3.1,2.3,3.5,2.85,2.3,3.5,2.85,2.3,3.3,2.9,2.3,3.4,3.0,2.28,3.55,3.34,2.3,3.3,3.1,2.25,3.3,3.13,2.25,3.5,3.25,2.25,3.4,3.0,39,2.32,2.25,3.6,3.41,3.34,3.08,37,1.79,1.71,2.22,2.12,24,-0.25,2.02,1.95,1.96,1.92,2.42,3.48,3.13
D1,25/11/12,Hoffenheim,Leverkusen,1,2,A,0,2,A,24,8,5,4,12,18,4,1,1,2,0,0,3.1,3.4,2.25,3.2,3.4,2.15,3.2,3.4,2.15,3.0,3.4,2.2,3.1,3.4,2.25,3.16,3.7,2.31,3.1,3.3,2.3,3.13,3.4,2.2,3.12,3.6,2.3,3.1,3.5,2.15,39,3.25,3.08,3.7,3.43,2.33,2.25,28,1.66,1.59,2.5,2.27,24,0.25,1.92,1.88,2.04,1.98,3.0,3.73,2.37
D1,27/11/12,Dortmund,Fortuna Dusseldorf,1,1,D,1,0,H,22,5,7,1,5,16,7,2,1,1,0,1,1.13,8.0,19.0,1.15,7.25,16.0,1.15,7.25,16.0,1.17,6.5,14.0,1.14,7.5,19.0,1.15,9.0,23.43,1.12,9.0,15.0,1.14,7.0,17.0,1.15,9.0,23.0,1.14,7.5,17.0,38,1.17,1.14,10.22,7.93,27.37,20.14,27,1.44,1.38,3.2,2.9,22,-2.5,2.31,2.05,1.91,1.83,1.13,9.9,25.0
D1,27/11/12,Ein Frankfurt,Mainz,1,3,A,0,2,A,11,10,6,5,20,16,8,3,2,1,0,1,2.1,3.4,3.4,2.0,3.4,3.6,2.0,3.4,3.6,2.1,3.3,3.3,2.0,3.5,3.6,2.12,3.67,3.61,2.05,3.4,3.5,2.05,3.3,3.5,2.1,3.6,3.6,2.05,3.5,3.4,38,2.15,2.07,3.7,3.47,3.8,3.48,36,1.8,1.76,2.2,2.06,22,-0.25,1.87,1.82,2.11,2.05,2.27,3.5,3.41
D1,27/11/12,Hamburg,Schalke 04,3,1,H,0,0,D,19,20,6,8,12,9,3,7,2,1,0,0,4.5,3.5,1.8,4.5,3.5,1.78,4.5,3.5,1.78,3.8,3.45,1.9,4.33,3.5,1.83,4.81,3.74,1.83,4.2,3.6,1.83,4.33,3.6,1.8,4.6,3.8,1.83,4.0,3.6,1.83,38,4.92,4.3,3.75,3.62,1.9,1.82,36,1.9,1.82,2.1,1.98,22,0.75,1.88,1.83,2.12,2.03,4.59,3.85,1.84
D1,27/11/12,Hannover,Greuther Furth,2,0,H,1,0,H,12,11,5,3,20,21,3,5,1,1,0,0,1.62,4.0,5.0,1.67,3.8,4.75,1.67,3.8,4.75,1.65,3.6,5.1,1.62,3.75,5.5,1.75,4.04,5.0,1.62,4.0,5.0,1.67,3.75,4.8,1.73,4.0,5.2,1.67,3.75,5.0,38,1.83,1.75,3.85,3.66,5.2,4.72,36,1.87,1.76,2.15,2.05,22,-0.75,2.1,2.02,1.96,1.85,2.0,3.57,4.09
D1,28/11/12,Freiburg,Bayern Munich,0,2,A,0,1,A,10,12,4,6,9,18,1,6,1,1,1,0,8.0,4.75,1.36,7.75,5.0,1.35,7.75,5.0,1.35,7.3,4.4,1.4,9.0,5.0,1.33,8.99,5.23,1.39,9.0,5.0,1.33,8.0,4.8,1.36,9.0,5.2,1.36,8.0,4.75,1.36,38,10.0,8.52,5.4,4.78,1.4,1.36,27,1.6,1.53,2.56,2.39,20,1.5,1.87,1.8,2.14,2.08,7.9,4.98,1.44
D1,28/11/12,M'gladbach,Wolfsburg,2,0,H,2,0,H,12,17,6,6,11,16,2,8,1,2,0,0,2.38,3.4,2.88,2.4,3.4,2.8,2.4,3.4,2.8,2.3,3.3,2.9,2.3,3.4,3.0,2.44,3.53,3.06,2.3,3.4,3.0,2.3,3.4,3.0,2.4,3.5,3.0,2.38,3.4,2.8,38,2.5,2.39,3.53,3.36,3.06,2.89,34,1.92,1.84,2.02,1.95,20,-0.25,2.16,2.05,1.86,1.82,2.24,3.67,3.29
D1,28/11/12,Nurnberg,Hoffenheim,4,2,H,2,1,H,14,15,6,5,24,22,1,3,1,4,0,0,2.3,3.4,3.0,2.35,3.25,2.95,2.35,3.25,2.95,2.3,3.3,2.9,2.4,3.4,2.8,2.38,3.5,3.18,2.4,3.3,2.9,2.3,3.3,3.0,2.4,3.5,3.12,2.4,3.4,2.8,38,2.45,2.36,3.55,3.36,3.19,2.93,34,2.04,1.95,1.95,1.84,20,0.0,1.73,1.68,2.3,2.2,2.39,3.54,3.15
D1,28/11/12,Stuttgart,Augsburg,2,1,H,1,1,D,10,16,3,8,14,17,1,5,1,1,0,0,1.6,4.0,5.25,1.62,4.0,5.0,1.62,4.0,5.0,1.6,3.7,5.4,1.57,4.0,5.5,1.71,4.04,5.34,1.57,4.0,5.5,1.62,3.8,5.0,1.7,4.0,5.4,1.57,4.0,5.5,38,1.71,1.63,4.08,3.88,5.55,5.24,33,1.73,1.66,2.32,2.18,20,-1.0,2.23,2.14,1.8,1.73,1.64,4.15,5.8
D1,28/11/12,Werder Bremen,Leverkusen,1,4,A,0,1,A,17,9,5,5,20,15,9,3,3,1,0,0,2.6,3.5,2.55,2.6,3.3,2.6,2.6,3.3,2.6,2.5,3.3,2.65,2.62,3.5,2.5,2.57,3.68,2.79,2.6,3.5,2.55,2.63,3.3,2.6,2.6,3.6,2.75,2.6,3.3,2.62,38,2.7,2.59,3.68,3.4,2.77,2.62,33,1.66,1.61,2.43,2.28,20,0.0,1.93,1.89,2.03,1.96,2.75,3.73,2.58
